{"blocks":[{"x":1090,"y":30,"text":"работает \nв","width":100,"height":140,"type":"Условие","isMenuBlock":false,"fontSize":14,"textHeight":14,"isBold":false,"isItalic":false,"textAlign":"center","labelsPosition":1},{"x":930,"y":30,"text":"сскотовод","width":100,"height":40,"type":"Блок","isMenuBlock":false,"fontSize":14,"textHeight":14,"isBold":false,"isItalic":false,"textAlign":"center","labelsPosition":1},{"x":1250,"y":30,"text":"фермер","width":100,"height":40,"type":"Блок","isMenuBlock":false,"fontSize":14,"textHeight":14,"isBold":false,"isItalic":false,"textAlign":"center","labelsPosition":1},{"x":1250,"y":120,"text":"работает\n для","width":100,"height":40,"type":"Условие","isMenuBlock":false,"fontSize":14,"textHeight":14,"isBold":false,"isItalic":false,"textAlign":"center","labelsPosition":1},{"x":930,"y":120,"text":"работает \nс","width":100,"height":40,"type":"Условие","isMenuBlock":false,"fontSize":14,"textHeight":14,"isBold":false,"isItalic":false,"textAlign":"center","labelsPosition":1},{"x":1090,"y":220,"text":"развитее","width":100,"height":40,"type":"Блок","isMenuBlock":false,"fontSize":14,"textHeight":14,"isBold":false,"isItalic":false,"textAlign":"center","labelsPosition":1},{"x":300,"y":550,"text":"корм","width":100,"height":40,"type":"Блок","isMenuBlock":false,"fontSize":14,"textHeight":14,"isBold":false,"isItalic":false,"textAlign":"center","labelsPosition":1},{"x":500,"y":310,"text":"мануалы по\n использованию\nтехнтки","width":100,"height":60,"type":"Блок","isMenuBlock":false,"fontSize":14,"textHeight":14,"isBold":false,"isItalic":false,"textAlign":"center","labelsPosition":1},{"x":650,"y":310,"text":"мануалы по\nуходу за \nживотными","width":100,"height":60,"type":"Блок","isMenuBlock":false,"fontSize":14,"textHeight":14,"isBold":false,"isItalic":false,"textAlign":"center","labelsPosition":1},{"x":810,"y":310,"text":"мануалы по \nвырашиванию \nкорма","width":100,"height":60,"type":"Блок","isMenuBlock":false,"fontSize":14,"textHeight":14,"isBold":false,"isItalic":false,"textAlign":"center","labelsPosition":1},{"x":500,"y":690,"text":"бухгалтер","width":100,"height":40,"type":"Блок","isMenuBlock":false,"fontSize":14,"textHeight":14,"isBold":false,"isItalic":false,"textAlign":"center","labelsPosition":1},{"x":650,"y":690,"text":"менеджер","width":100,"height":40,"type":"Блок","isMenuBlock":false,"fontSize":14,"textHeight":14,"isBold":false,"isItalic":false,"textAlign":"center","labelsPosition":1},{"x":300,"y":620,"text":"валюта","width":100,"height":40,"type":"Блок","isMenuBlock":false,"fontSize":14,"textHeight":14,"isBold":false,"isItalic":false,"textAlign":"center","labelsPosition":1},{"x":90,"y":410,"text":"свиньи","width":100,"height":40,"type":"Блок","isMenuBlock":false,"fontSize":14,"textHeight":14,"isBold":false,"isItalic":false,"textAlign":"center","labelsPosition":1},{"x":90,"y":490,"text":"коровы","width":100,"height":40,"type":"Блок","isMenuBlock":false,"fontSize":14,"textHeight":14,"isBold":false,"isItalic":false,"textAlign":"center","labelsPosition":1},{"x":-70,"y":290,"text":"немецкая ландрасе","width":140,"height":40,"type":"Блок","isMenuBlock":false,"fontSize":14,"textHeight":14,"isBold":false,"isItalic":false,"textAlign":"center","labelsPosition":1},{"x":-70,"y":360,"text":"бентхеймская\n чёрная пестрая","width":140,"height":40,"type":"Блок","isMenuBlock":false,"fontSize":14,"textHeight":14,"isBold":false,"isItalic":false,"textAlign":"center","labelsPosition":1},{"x":-50,"y":540,"text":"голштинская\n ","width":100,"height":40,"type":"Блок","isMenuBlock":false,"fontSize":14,"textHeight":14,"isBold":false,"isItalic":false,"textAlign":"center","labelsPosition":1},{"x":-50,"y":610,"text":"ангус","width":100,"height":40,"type":"Блок","isMenuBlock":false,"fontSize":14,"textHeight":14,"isBold":false,"isItalic":false,"textAlign":"center","labelsPosition":1},{"x":-50,"y":680,"text":"швицкая","width":100,"height":40,"type":"Блок","isMenuBlock":false,"fontSize":14,"textHeight":14,"isBold":false,"isItalic":false,"textAlign":"center","labelsPosition":1},{"x":130,"y":550,"text":"сечка","width":100,"height":40,"type":"Блок","isMenuBlock":false,"fontSize":14,"textHeight":14,"isBold":false,"isItalic":false,"textAlign":"center","labelsPosition":1},{"x":130,"y":600,"text":"трава","width":100,"height":40,"type":"Блок","isMenuBlock":false,"fontSize":14,"textHeight":14,"isBold":false,"isItalic":false,"textAlign":"center","labelsPosition":1},{"x":130,"y":650,"text":"солома","width":100,"height":40,"type":"Блок","isMenuBlock":false,"fontSize":14,"textHeight":14,"isBold":false,"isItalic":false,"textAlign":"center","labelsPosition":1},{"x":120,"y":240,"text":"разбрасыватель","width":120,"height":40,"type":"Блок","isMenuBlock":false,"fontSize":14,"textHeight":14,"isBold":false,"isItalic":false,"textAlign":"center","labelsPosition":1},{"x":310,"y":320,"text":"страна\nпроизводитель","width":100,"height":60,"type":"Блок","isMenuBlock":false,"fontSize":14,"textHeight":14,"isBold":false,"isItalic":false,"textAlign":"center","labelsPosition":1},{"x":300,"y":410,"text":"техника","width":100,"height":40,"type":"Блок","isMenuBlock":false,"fontSize":14,"textHeight":14,"isBold":false,"isItalic":false,"textAlign":"center","labelsPosition":1},{"x":130,"y":190,"text":"трактор","width":100,"height":40,"type":"Блок","isMenuBlock":false,"fontSize":14,"textHeight":14,"isBold":false,"isItalic":false,"textAlign":"center","labelsPosition":1},{"x":370,"y":170,"text":"Россия","width":100,"height":40,"type":"Блок","isMenuBlock":false,"fontSize":14,"textHeight":14,"isBold":false,"isItalic":false,"textAlign":"center","labelsPosition":1},{"x":370,"y":240,"text":"Китай","width":100,"height":40,"type":"Блок","isMenuBlock":false,"fontSize":14,"textHeight":14,"isBold":false,"isItalic":false,"textAlign":"center","labelsPosition":1},{"x":370,"y":100,"text":"Италия","width":100,"height":40,"type":"Блок","isMenuBlock":false,"fontSize":14,"textHeight":14,"isBold":false,"isItalic":false,"textAlign":"center","labelsPosition":1},{"x":300,"y":480,"text":"животные","width":100,"height":40,"type":"Блок","isMenuBlock":false,"fontSize":14,"textHeight":14,"isBold":false,"isItalic":false,"textAlign":"center","labelsPosition":1},{"x":650,"y":500,"text":"скотоводство","width":360,"height":180,"type":"Блок","isMenuBlock":false,"fontSize":14,"textHeight":14,"isBold":false,"isItalic":false,"textAlign":"center","labelsPosition":1},{"x":130,"y":290,"text":"автоуборщик","width":100,"height":40,"type":"Блок","isMenuBlock":false,"fontSize":14,"textHeight":14,"isBold":false,"isItalic":false,"textAlign":"center","labelsPosition":1},{"x":-70,"y":440,"text":"беркширская","width":140,"height":40,"type":"Блок","isMenuBlock":false,"fontSize":14,"textHeight":14,"isBold":false,"isItalic":false,"textAlign":"center","labelsPosition":1},{"x":230,"y":710,"text":"рубль","width":100,"height":40,"type":"Блок","isMenuBlock":false,"fontSize":14,"textHeight":14,"isBold":false,"isItalic":false,"textAlign":"center","labelsPosition":1},{"x":230,"y":780,"text":"доллар","width":100,"height":40,"type":"Блок","isMenuBlock":false,"fontSize":14,"textHeight":14,"isBold":false,"isItalic":false,"textAlign":"center","labelsPosition":1},{"x":230,"y":850,"text":"юань","width":100,"height":40,"type":"Блок","isMenuBlock":false,"fontSize":14,"textHeight":14,"isBold":false,"isItalic":false,"textAlign":"center","labelsPosition":1},{"x":1060,"y":580,"text":"продажа \nживотных\nсвиней,коров","width":100,"height":60,"type":"Блок","isMenuBlock":false,"fontSize":14,"textHeight":14,"isBold":false,"isItalic":false,"textAlign":"center","labelsPosition":1},{"x":1060,"y":410,"text":"выращевоние \nновых\n животных\nСвиней,коров","width":100,"height":80,"type":"Блок","isMenuBlock":false,"fontSize":14,"textHeight":14,"isBold":false,"isItalic":false,"textAlign":"center","labelsPosition":1},{"x":1060,"y":500,"text":"малая ферма","width":100,"height":40,"type":"Блок","isMenuBlock":false,"fontSize":14,"textHeight":14,"isBold":false,"isItalic":false,"textAlign":"center","labelsPosition":1},{"x":820,"y":690,"text":"закупщик","width":100,"height":40,"type":"Блок","isMenuBlock":false,"fontSize":14,"textHeight":14,"isBold":false,"isItalic":false,"textAlign":"center","labelsPosition":1},{"x":1350,"y":680,"text":"проверка \nна вшивость","width":100,"height":40,"type":"Блок","isMenuBlock":false,"fontSize":14,"textHeight":14,"isBold":false,"isItalic":false,"textAlign":"center","labelsPosition":1},{"x":1430,"y":800,"text":"белый список","width":100,"height":40,"type":"Блок","isMenuBlock":false,"fontSize":14,"textHeight":14,"isBold":false,"isItalic":false,"textAlign":"center","labelsPosition":1},{"x":1240,"y":800,"text":"черный список","width":100,"height":40,"type":"Блок","isMenuBlock":false,"fontSize":14,"textHeight":14,"isBold":false,"isItalic":false,"textAlign":"center","labelsPosition":1},{"x":1600,"y":770,"text":"наличие \nсредств","width":100,"height":40,"type":"Блок","isMenuBlock":false,"fontSize":14,"textHeight":14,"isBold":false,"isItalic":false,"textAlign":"center","labelsPosition":1},{"x":1860,"y":770,"text":"наличие\nкорма","width":100,"height":40,"type":"Блок","isMenuBlock":false,"fontSize":14,"textHeight":14,"isBold":false,"isItalic":false,"textAlign":"center","labelsPosition":1},{"x":1400,"y":580,"text":"клиент","width":100,"height":40,"type":"Блок","isMenuBlock":false,"fontSize":14,"textHeight":14,"isBold":false,"isItalic":false,"textAlign":"center","labelsPosition":1},{"x":1730,"y":770,"text":"наличие \nпространства","width":100,"height":40,"type":"Блок","isMenuBlock":false,"fontSize":14,"textHeight":14,"isBold":false,"isItalic":false,"textAlign":"center","labelsPosition":1},{"x":1530,"y":680,"text":"проверка \nна способность\n ухаживать","width":100,"height":60,"type":"Блок","isMenuBlock":false,"fontSize":14,"textHeight":14,"isBold":false,"isItalic":false,"textAlign":"center","labelsPosition":1},{"x":1180,"y":680,"text":"покупка \nовощей","width":100,"height":40,"type":"Блок","isMenuBlock":false,"fontSize":14,"textHeight":14,"isBold":false,"isItalic":false,"textAlign":"center","labelsPosition":1},{"x":1250,"y":580,"text":"покупка","width":100,"height":40,"type":"Блок","isMenuBlock":false,"fontSize":14,"textHeight":14,"isBold":false,"isItalic":false,"textAlign":"center","labelsPosition":1},{"x":920,"y":500,"text":"1","width":30,"height":30,"type":"Ссылка","isMenuBlock":false,"fontSize":14,"textHeight":14,"isBold":false,"isItalic":false,"textAlign":"center","labelsPosition":1},{"x":30,"y":1310,"text":"","width":40,"height":320,"type":"Блок","isMenuBlock":false,"fontSize":14,"textHeight":14,"isBold":false,"isItalic":false,"textAlign":"center","labelsPosition":1},{"x":110,"y":1210,"text":"","width":100,"height":40,"type":"Блок","isMenuBlock":false,"fontSize":14,"textHeight":14,"isBold":false,"isItalic":false,"textAlign":"center","labelsPosition":1},{"x":-60,"y":1210,"text":"","width":100,"height":40,"type":"Блок","isMenuBlock":false,"fontSize":14,"textHeight":14,"isBold":false,"isItalic":false,"textAlign":"center","labelsPosition":1},{"x":30,"y":1080,"text":"посетитель","width":130,"height":130,"type":"Ссылка","isMenuBlock":false,"fontSize":14,"textHeight":14,"isBold":false,"isItalic":false,"textAlign":"center","labelsPosition":1},{"x":1220,"y":1250,"text":"","width":40,"height":320,"type":"Блок","isMenuBlock":false,"fontSize":14,"textHeight":14,"isBold":false,"isItalic":false,"textAlign":"center","labelsPosition":1},{"x":1300,"y":1150,"text":"","width":100,"height":40,"type":"Блок","isMenuBlock":false,"fontSize":14,"textHeight":14,"isBold":false,"isItalic":false,"textAlign":"center","labelsPosition":1},{"x":1130,"y":1150,"text":"","width":100,"height":40,"type":"Блок","isMenuBlock":false,"fontSize":14,"textHeight":14,"isBold":false,"isItalic":false,"textAlign":"center","labelsPosition":1},{"x":1220,"y":1020,"text":"владелец","width":130,"height":130,"type":"Ссылка","isMenuBlock":false,"fontSize":14,"textHeight":14,"isBold":false,"isItalic":false,"textAlign":"center","labelsPosition":1},{"x":270,"y":1210,"text":"подать заявку\nна получение \nработы","width":100,"height":60,"type":"Блок","isMenuBlock":false,"fontSize":14,"textHeight":14,"isBold":false,"isItalic":false,"textAlign":"center","labelsPosition":1},{"x":260,"y":1120,"text":"подать заявку\nна покупку \nживотного и \nкорма","width":100,"height":60,"type":"Блок","isMenuBlock":false,"fontSize":14,"textHeight":14,"isBold":false,"isItalic":false,"textAlign":"center","labelsPosition":1},{"x":960,"y":1020,"text":"продать товар","width":100,"height":40,"type":"Блок","isMenuBlock":false,"fontSize":14,"textHeight":14,"isBold":false,"isItalic":false,"textAlign":"center","labelsPosition":1},{"x":960,"y":1120,"text":"устроить\n на работу","width":100,"height":60,"type":"Блок","isMenuBlock":false,"fontSize":14,"textHeight":14,"isBold":false,"isItalic":false,"textAlign":"center","labelsPosition":1},{"x":960,"y":1220,"text":"подписать \nконтракт\nо \nсотруднечестве ","width":100,"height":60,"type":"Блок","isMenuBlock":false,"fontSize":14,"textHeight":14,"isBold":false,"isItalic":false,"textAlign":"center","labelsPosition":1},{"x":400,"y":1060,"text":"рассказать \nанекдот","width":100,"height":40,"type":"Блок","isMenuBlock":false,"fontSize":14,"textHeight":14,"isBold":false,"isItalic":false,"textAlign":"center","labelsPosition":1},{"x":910,"y":1300,"text":"посмеяться \nс анектода","width":100,"height":40,"type":"Блок","isMenuBlock":false,"fontSize":14,"textHeight":14,"isBold":false,"isItalic":false,"textAlign":"center","labelsPosition":1},{"x":500,"y":-420,"text":"начало","width":100,"height":30,"type":"Начало / конец","isMenuBlock":false,"fontSize":14,"textHeight":14,"isBold":false,"isItalic":false,"textAlign":"center","labelsPosition":1},{"x":500,"y":-350,"text":"корова","width":100,"height":40,"type":"Блок","isMenuBlock":false,"fontSize":14,"textHeight":14,"isBold":false,"isItalic":false,"textAlign":"center","labelsPosition":1},{"x":500,"y":-290,"text":"бездействие","width":100,"height":40,"type":"Блок","isMenuBlock":false,"fontSize":14,"textHeight":14,"isBold":false,"isItalic":false,"textAlign":"center","labelsPosition":1},{"x":270,"y":-230,"text":"голод","width":100,"height":40,"type":"Блок","isMenuBlock":false,"fontSize":14,"textHeight":14,"isBold":false,"isItalic":false,"textAlign":"center","labelsPosition":1},{"x":820,"y":-230,"text":"сытость","width":100,"height":40,"type":"Блок","isMenuBlock":false,"fontSize":14,"textHeight":14,"isBold":false,"isItalic":false,"textAlign":"center","labelsPosition":1},{"x":390,"y":-250,"text":"слишком мало","width":110,"height":20,"type":"Текст / комментарий","isMenuBlock":false,"fontSize":14,"textHeight":14,"isBold":false,"isItalic":false,"textAlign":"left","labelsPosition":1},{"x":680,"y":-250,"text":"слишком много","width":110,"height":20,"type":"Текст / комментарий","isMenuBlock":false,"fontSize":14,"textHeight":14,"isBold":false,"isItalic":false,"textAlign":"left","labelsPosition":1},{"x":500,"y":-20,"text":"идти спать","width":100,"height":40,"type":"Блок","isMenuBlock":false,"fontSize":14,"textHeight":14,"isBold":false,"isItalic":false,"textAlign":"center","labelsPosition":1},{"x":270,"y":-170,"text":"подойти \nк кормушке","width":100,"height":40,"type":"Блок","isMenuBlock":false,"fontSize":14,"textHeight":14,"isBold":false,"isItalic":false,"textAlign":"center","labelsPosition":1},{"x":270,"y":-110,"text":"поесть","width":100,"height":40,"type":"Блок","isMenuBlock":false,"fontSize":14,"textHeight":14,"isBold":false,"isItalic":false,"textAlign":"center","labelsPosition":1},{"x":820,"y":-160,"text":"подождать \nпока станет\nнормально","width":100,"height":60,"type":"Блок","isMenuBlock":false,"fontSize":14,"textHeight":14,"isBold":false,"isItalic":false,"textAlign":"center","labelsPosition":1},{"x":500,"y":-160,"text":"нормальная\nсытость","width":100,"height":40,"type":"Блок","isMenuBlock":false,"fontSize":14,"textHeight":14,"isBold":false,"isItalic":false,"textAlign":"center","labelsPosition":1},{"x":1050,"y":720,"text":"проверка \nна испорчиность","width":120,"height":40,"type":"Блок","isMenuBlock":false,"fontSize":14,"textHeight":14,"isBold":false,"isItalic":false,"textAlign":"center","labelsPosition":1},{"x":2760,"y":160,"text":"начало","width":50,"height":50,"type":"Ссылка","isMenuBlock":false,"fontSize":14,"textHeight":14,"isBold":false,"isItalic":false,"textAlign":"center","labelsPosition":1},{"x":2760,"y":220,"text":"показать цену","width":100,"height":30,"type":"Начало / конец","isMenuBlock":false,"fontSize":14,"textHeight":14,"isBold":false,"isItalic":false,"textAlign":"center","labelsPosition":1},{"x":2930,"y":220,"text":"животное[не \nподтверждена]","width":120,"height":40,"type":"Блок","isMenuBlock":false,"fontSize":14,"textHeight":14,"isBold":false,"isItalic":false,"textAlign":"center","labelsPosition":1},{"x":2760,"y":275,"text":"вывести\n информацию о\nкредитное карте","width":140,"height":40,"type":"Начало / конец","isMenuBlock":false,"fontSize":14,"textHeight":14,"isBold":false,"isItalic":false,"textAlign":"center","labelsPosition":1},{"x":2760,"y":370,"text":"","width":100,"height":100,"type":"Условие","isMenuBlock":false,"fontSize":14,"textHeight":14,"isBold":false,"isItalic":false,"textAlign":"center","labelsPosition":1},{"x":2860,"y":400,"text":"подтвержена","width":100,"height":20,"type":"Текст / комментарий","isMenuBlock":false,"fontSize":14,"textHeight":14,"isBold":false,"isItalic":false,"textAlign":"left","labelsPosition":1},{"x":2890,"y":475,"text":"отправить \nподтверждение\nо покупке","width":100,"height":60,"type":"Начало / конец","isMenuBlock":false,"fontSize":14,"textHeight":14,"isBold":false,"isItalic":false,"textAlign":"center","labelsPosition":1},{"x":2580,"y":475,"text":"зарезервировать\nживотных и время","width":140,"height":60,"type":"Начало / конец","isMenuBlock":false,"fontSize":14,"textHeight":14,"isBold":false,"isItalic":false,"textAlign":"center","labelsPosition":1},{"x":2575,"y":370,"text":"несоблюдены \nусловия содержания ","width":150,"height":40,"type":"Текст / комментарий","isMenuBlock":false,"fontSize":14,"textHeight":14,"isBold":false,"isItalic":false,"textAlign":"left","labelsPosition":1},{"x":2760,"y":480,"text":"сформировать\nдоговор","width":100,"height":30,"type":"Начало / конец","isMenuBlock":false,"fontSize":14,"textHeight":14,"isBold":false,"isItalic":false,"textAlign":"center","labelsPosition":1},{"x":2760,"y":620,"text":"конец","width":50,"height":50,"type":"Ссылка","isMenuBlock":false,"fontSize":14,"textHeight":14,"isBold":false,"isItalic":false,"textAlign":"center","labelsPosition":1},{"x":2760,"y":560,"text":"показать номер \nдоговора","width":100,"height":30,"type":"Начало / конец","isMenuBlock":false,"fontSize":14,"textHeight":14,"isBold":false,"isItalic":false,"textAlign":"center","labelsPosition":1},{"x":1805,"y":180,"text":"покупатель","width":90,"height":20,"type":"Текст / комментарий","isMenuBlock":false,"fontSize":14,"textHeight":14,"isBold":false,"isItalic":false,"textAlign":"left","labelsPosition":1},{"x":1935,"y":180,"text":"покупка","width":70,"height":20,"type":"Текст / комментарий","isMenuBlock":false,"fontSize":14,"textHeight":14,"isBold":false,"isItalic":false,"textAlign":"left","labelsPosition":1},{"x":1860,"y":260,"text":"покупка \nживотных","width":80,"height":40,"type":"Текст / комментарий","isMenuBlock":false,"fontSize":14,"textHeight":14,"isBold":false,"isItalic":false,"textAlign":"left","labelsPosition":1},{"x":1940,"y":330,"text":"","width":40,"height":100,"type":"Блок","isMenuBlock":false,"fontSize":14,"textHeight":14,"isBold":false,"isItalic":false,"textAlign":"center","labelsPosition":1},{"x":2040,"y":320,"text":"подтверждение \nоплаты","width":120,"height":40,"type":"Текст / комментарий","isMenuBlock":false,"fontSize":14,"textHeight":14,"isBold":false,"isItalic":false,"textAlign":"left","labelsPosition":1},{"x":2055,"y":440,"text":"покупка новых \nжмвотных","width":110,"height":40,"type":"Текст / комментарий","isMenuBlock":false,"fontSize":14,"textHeight":14,"isBold":false,"isItalic":false,"textAlign":"left","labelsPosition":1},{"x":1940,"y":480,"text":"","width":40,"height":100,"type":"Блок","isMenuBlock":false,"fontSize":14,"textHeight":14,"isBold":false,"isItalic":false,"textAlign":"center","labelsPosition":1},{"x":2150,"y":330,"text":"","width":40,"height":100,"type":"Блок","isMenuBlock":false,"fontSize":14,"textHeight":14,"isBold":false,"isItalic":false,"textAlign":"center","labelsPosition":1},{"x":2060,"y":200,"text":"","width":40,"height":20,"type":"Текст / комментарий","isMenuBlock":false,"fontSize":14,"textHeight":14,"isBold":false,"isItalic":false,"textAlign":"left","labelsPosition":1},{"x":2220,"y":480,"text":"уход","width":40,"height":20,"type":"Текст / комментарий","isMenuBlock":false,"fontSize":14,"textHeight":14,"isBold":false,"isItalic":false,"textAlign":"left","labelsPosition":1},{"x":2215,"y":180,"text":"выход","width":50,"height":20,"type":"Текст / комментарий","isMenuBlock":false,"fontSize":14,"textHeight":14,"isBold":false,"isItalic":false,"textAlign":"left","labelsPosition":1},{"x":2220,"y":280,"text":"","width":40,"height":40,"type":"Блок","isMenuBlock":false,"fontSize":14,"textHeight":14,"isBold":false,"isItalic":false,"textAlign":"center","labelsPosition":1}],"arrows":[{"startIndex":26,"endIndex":24,"startConnectorIndex":1,"endConnectorIndex":3,"nodes":[{"x":180,"y":190},{"x":240,"y":190},{"x":240,"y":320},{"x":260,"y":320}],"counts":[1,1,1,1]},{"startIndex":23,"endIndex":24,"startConnectorIndex":1,"endConnectorIndex":3,"nodes":[{"x":180,"y":240},{"x":240,"y":240},{"x":240,"y":320},{"x":260,"y":320}],"counts":[1,1,1,1]},{"startIndex":32,"endIndex":24,"startConnectorIndex":1,"endConnectorIndex":3,"nodes":[{"x":180,"y":290},{"x":240,"y":290},{"x":240,"y":320},{"x":260,"y":320}],"counts":[1,1,1,1]},{"startIndex":25,"endIndex":31,"startConnectorIndex":1,"endConnectorIndex":3,"nodes":[{"x":350,"y":410},{"x":450,"y":410},{"x":450,"y":500},{"x":470,"y":500}],"counts":[1,1,1,1]},{"startIndex":24,"endIndex":25,"startConnectorIndex":1,"endConnectorIndex":0,"nodes":[{"x":360,"y":320},{"x":380,"y":320},{"x":380,"y":370},{"x":300,"y":370},{"x":300,"y":390}],"counts":[1,1,1,1,1]},{"startIndex":24,"endIndex":29,"startConnectorIndex":0,"endConnectorIndex":2,"nodes":[{"x":310,"y":290},{"x":310,"y":140},{"x":370,"y":140},{"x":370,"y":120}],"counts":[1,1,1,1]},{"startIndex":24,"endIndex":28,"startConnectorIndex":0,"endConnectorIndex":2,"nodes":[{"x":310,"y":290},{"x":310,"y":280},{"x":370,"y":280},{"x":370,"y":260}],"counts":[1,1,1,1]},{"startIndex":24,"endIndex":27,"startConnectorIndex":0,"endConnectorIndex":2,"nodes":[{"x":310,"y":290},{"x":310,"y":210},{"x":370,"y":210},{"x":370,"y":190}],"counts":[1,1,1,1]},{"startIndex":36,"endIndex":12,"startConnectorIndex":1,"endConnectorIndex":2,"nodes":[{"x":280,"y":850},{"x":300,"y":850},{"x":300,"y":660},{"x":300,"y":640}],"counts":[1,1,1,1]},{"startIndex":35,"endIndex":12,"startConnectorIndex":1,"endConnectorIndex":2,"nodes":[{"x":280,"y":780},{"x":300,"y":780},{"x":300,"y":660},{"x":300,"y":640}],"counts":[1,1,1,1]},{"startIndex":34,"endIndex":12,"startConnectorIndex":1,"endConnectorIndex":2,"nodes":[{"x":280,"y":710},{"x":300,"y":710},{"x":300,"y":660},{"x":300,"y":640}],"counts":[1,1,1,1]},{"startIndex":22,"endIndex":6,"startConnectorIndex":1,"endConnectorIndex":3,"nodes":[{"x":180,"y":650},{"x":230,"y":650},{"x":230,"y":550},{"x":250,"y":550}],"counts":[1,1,1,1]},{"startIndex":21,"endIndex":6,"startConnectorIndex":1,"endConnectorIndex":3,"nodes":[{"x":180,"y":600},{"x":230,"y":600},{"x":230,"y":550},{"x":250,"y":550}],"counts":[1,1,1,1]},{"startIndex":20,"endIndex":6,"startConnectorIndex":1,"endConnectorIndex":3,"nodes":[{"x":180,"y":550},{"x":230,"y":550},{"x":250,"y":550}],"counts":[1,1,1]},{"startIndex":17,"endIndex":14,"startConnectorIndex":1,"endConnectorIndex":3,"nodes":[{"x":0,"y":540},{"x":20,"y":540},{"x":20,"y":490},{"x":40,"y":490}],"counts":[1,1,1,1]},{"startIndex":18,"endIndex":14,"startConnectorIndex":1,"endConnectorIndex":3,"nodes":[{"x":0,"y":610},{"x":20,"y":610},{"x":20,"y":490},{"x":40,"y":490}],"counts":[1,1,1,1]},{"startIndex":19,"endIndex":14,"startConnectorIndex":1,"endConnectorIndex":3,"nodes":[{"x":0,"y":680},{"x":20,"y":680},{"x":20,"y":490},{"x":40,"y":490}],"counts":[1,1,1,1]},{"startIndex":15,"endIndex":13,"startConnectorIndex":1,"endConnectorIndex":3,"nodes":[{"x":0,"y":290},{"x":20,"y":290},{"x":20,"y":410},{"x":40,"y":410}],"counts":[1,1,1,1]},{"startIndex":16,"endIndex":13,"startConnectorIndex":1,"endConnectorIndex":3,"nodes":[{"x":0,"y":360},{"x":20,"y":360},{"x":20,"y":410},{"x":40,"y":410}],"counts":[1,1,1,1]},{"startIndex":33,"endIndex":13,"startConnectorIndex":1,"endConnectorIndex":3,"nodes":[{"x":0,"y":440},{"x":20,"y":440},{"x":20,"y":410},{"x":40,"y":410}],"counts":[1,1,1,1]},{"startIndex":8,"endIndex":31,"startConnectorIndex":2,"endConnectorIndex":0,"nodes":[{"x":650,"y":340},{"x":650,"y":390},{"x":650,"y":410}],"counts":[1,1,1]},{"startIndex":7,"endIndex":31,"startConnectorIndex":2,"endConnectorIndex":0,"nodes":[{"x":500,"y":340},{"x":500,"y":390},{"x":650,"y":390},{"x":650,"y":410}],"counts":[1,1,1,1]},{"startIndex":9,"endIndex":31,"startConnectorIndex":2,"endConnectorIndex":0,"nodes":[{"x":810,"y":340},{"x":810,"y":390},{"x":650,"y":390},{"x":650,"y":410}],"counts":[1,1,1,1]},{"startIndex":30,"endIndex":31,"startConnectorIndex":1,"endConnectorIndex":3,"nodes":[{"x":350,"y":480},{"x":450,"y":480},{"x":450,"y":500},{"x":470,"y":500}],"counts":[1,1,1,1]},{"startIndex":6,"endIndex":31,"startConnectorIndex":1,"endConnectorIndex":3,"nodes":[{"x":350,"y":550},{"x":450,"y":550},{"x":450,"y":500},{"x":470,"y":500}],"counts":[1,1,1,1]},{"startIndex":10,"endIndex":31,"startConnectorIndex":0,"endConnectorIndex":2,"nodes":[{"x":500,"y":670},{"x":500,"y":610},{"x":650,"y":610},{"x":650,"y":590}],"counts":[1,1,1,1]},{"startIndex":11,"endIndex":31,"startConnectorIndex":0,"endConnectorIndex":2,"nodes":[{"x":650,"y":670},{"x":650,"y":610},{"x":650,"y":590}],"counts":[1,1,1]},{"startIndex":40,"endIndex":31,"startConnectorIndex":0,"endConnectorIndex":2,"nodes":[{"x":820,"y":670},{"x":820,"y":610},{"x":650,"y":610},{"x":650,"y":590}],"counts":[1,1,1,1]},{"startIndex":12,"endIndex":31,"startConnectorIndex":1,"endConnectorIndex":3,"nodes":[{"x":350,"y":620},{"x":450,"y":620},{"x":450,"y":500},{"x":470,"y":500}],"counts":[1,1,1,1]},{"startIndex":14,"endIndex":30,"startConnectorIndex":1,"endConnectorIndex":3,"nodes":[{"x":140,"y":490},{"x":230,"y":490},{"x":230,"y":480},{"x":250,"y":480}],"counts":[1,1,1,1]},{"startIndex":13,"endIndex":30,"startConnectorIndex":1,"endConnectorIndex":3,"nodes":[{"x":140,"y":410},{"x":230,"y":410},{"x":230,"y":480},{"x":250,"y":480}],"counts":[1,1,1,1]},{"startIndex":0,"endIndex":2,"startConnectorIndex":1,"endConnectorIndex":3,"nodes":[{"x":1140,"y":30},{"x":1180,"y":30},{"x":1200,"y":30}],"counts":[1,1,1]},{"startIndex":0,"endIndex":1,"startConnectorIndex":3,"endConnectorIndex":1,"nodes":[{"x":1040,"y":30},{"x":1000,"y":30},{"x":980,"y":30}],"counts":[1,1,1]},{"startIndex":2,"endIndex":3,"startConnectorIndex":2,"endConnectorIndex":0,"nodes":[{"x":1250,"y":50},{"x":1250,"y":80},{"x":1250,"y":100}],"counts":[1,1,1]},{"startIndex":1,"endIndex":4,"startConnectorIndex":2,"endConnectorIndex":0,"nodes":[{"x":930,"y":50},{"x":930,"y":80},{"x":930,"y":100}],"counts":[1,1,1]},{"startIndex":4,"endIndex":5,"startConnectorIndex":2,"endConnectorIndex":3,"nodes":[{"x":930,"y":140},{"x":930,"y":220},{"x":1020,"y":220},{"x":1040,"y":220}],"counts":[1,1,1,1]},{"startIndex":3,"endIndex":5,"startConnectorIndex":2,"endConnectorIndex":1,"nodes":[{"x":1250,"y":140},{"x":1250,"y":220},{"x":1160,"y":220},{"x":1140,"y":220}],"counts":[1,1,1,1]},{"startIndex":31,"endIndex":38,"startConnectorIndex":1,"endConnectorIndex":3,"nodes":[{"x":830,"y":500},{"x":960,"y":500},{"x":960,"y":410},{"x":990,"y":410},{"x":1010,"y":410}],"counts":[1,1,1,1,1]},{"startIndex":31,"endIndex":37,"startConnectorIndex":1,"endConnectorIndex":3,"nodes":[{"x":830,"y":500},{"x":990,"y":500},{"x":990,"y":580},{"x":1010,"y":580}],"counts":[1,1,1,1]},{"startIndex":31,"endIndex":39,"startConnectorIndex":1,"endConnectorIndex":3,"nodes":[{"x":830,"y":500},{"x":990,"y":500},{"x":1010,"y":500}],"counts":[1,1,1]},{"startIndex":42,"endIndex":41,"startConnectorIndex":0,"endConnectorIndex":2,"nodes":[{"x":1430,"y":780},{"x":1430,"y":720},{"x":1350,"y":720},{"x":1350,"y":700}],"counts":[1,1,1,1]},{"startIndex":43,"endIndex":41,"startConnectorIndex":0,"endConnectorIndex":2,"nodes":[{"x":1240,"y":780},{"x":1240,"y":720},{"x":1350,"y":720},{"x":1350,"y":700}],"counts":[1,1,1,1]},{"startIndex":48,"endIndex":41,"startConnectorIndex":3,"endConnectorIndex":1,"nodes":[{"x":1480,"y":680},{"x":1420,"y":680},{"x":1400,"y":680}],"counts":[1,1,1]},{"startIndex":44,"endIndex":48,"startConnectorIndex":0,"endConnectorIndex":2,"nodes":[{"x":1600,"y":750},{"x":1600,"y":730},{"x":1530,"y":730},{"x":1530,"y":710}],"counts":[1,1,1,1]},{"startIndex":47,"endIndex":48,"startConnectorIndex":0,"endConnectorIndex":2,"nodes":[{"x":1730,"y":750},{"x":1730,"y":730},{"x":1530,"y":730},{"x":1530,"y":710}],"counts":[1,1,1,1]},{"startIndex":45,"endIndex":48,"startConnectorIndex":0,"endConnectorIndex":2,"nodes":[{"x":1860,"y":750},{"x":1860,"y":730},{"x":1530,"y":730},{"x":1530,"y":710}],"counts":[1,1,1,1]},{"startIndex":41,"endIndex":50,"startConnectorIndex":0,"endConnectorIndex":2,"nodes":[{"x":1350,"y":660},{"x":1350,"y":620},{"x":1250,"y":620},{"x":1250,"y":600}],"counts":[1,1,1,1]},{"startIndex":37,"endIndex":50,"startConnectorIndex":1,"endConnectorIndex":3,"nodes":[{"x":1110,"y":580},{"x":1180,"y":580},{"x":1200,"y":580}],"counts":[1,1,1]},{"startIndex":39,"endIndex":50,"startConnectorIndex":1,"endConnectorIndex":0,"nodes":[{"x":1110,"y":500},{"x":1250,"y":500},{"x":1250,"y":540},{"x":1250,"y":560}],"counts":[1,1,1,1]},{"startIndex":50,"endIndex":46,"startConnectorIndex":1,"endConnectorIndex":3,"nodes":[{"x":1300,"y":580},{"x":1330,"y":580},{"x":1350,"y":580}],"counts":[1,1,1]},{"startIndex":49,"endIndex":50,"startConnectorIndex":0,"endConnectorIndex":2,"nodes":[{"x":1180,"y":660},{"x":1180,"y":620},{"x":1250,"y":620},{"x":1250,"y":600}],"counts":[1,1,1,1]},{"startIndex":79,"endIndex":49,"startConnectorIndex":1,"endConnectorIndex":3,"nodes":[{"x":1110,"y":720},{"x":1120,"y":720},{"x":1120,"y":680},{"x":1130,"y":680}],"counts":[1,1,1,1]},{"startIndex":60,"endIndex":55,"startConnectorIndex":3,"endConnectorIndex":1,"nodes":[{"x":220,"y":1210},{"x":120,"y":1210},{"x":120,"y":1080},{"x":95,"y":1080}],"counts":[1,1,1,1]},{"startIndex":61,"endIndex":55,"startConnectorIndex":3,"endConnectorIndex":1,"nodes":[{"x":210,"y":1120},{"x":120,"y":1120},{"x":120,"y":1080},{"x":95,"y":1080}],"counts":[1,1,1,1]},{"startIndex":62,"endIndex":59,"startConnectorIndex":1,"endConnectorIndex":3,"nodes":[{"x":1010,"y":1020},{"x":1140,"y":1020},{"x":1155,"y":1020}],"counts":[1,1,1]},{"startIndex":63,"endIndex":59,"startConnectorIndex":1,"endConnectorIndex":3,"nodes":[{"x":1010,"y":1120},{"x":1130,"y":1120},{"x":1130,"y":1020},{"x":1140,"y":1020},{"x":1155,"y":1020}],"counts":[1,1,1,1,1]},{"startIndex":64,"endIndex":59,"startConnectorIndex":1,"endConnectorIndex":3,"nodes":[{"x":1010,"y":1220},{"x":1070,"y":1220},{"x":1070,"y":1020},{"x":1140,"y":1020},{"x":1155,"y":1020}],"counts":[1,1,1,1,1]},{"startIndex":66,"endIndex":59,"startConnectorIndex":1,"endConnectorIndex":3,"nodes":[{"x":960,"y":1300},{"x":1070,"y":1300},{"x":1070,"y":1020},{"x":1140,"y":1020},{"x":1155,"y":1020}],"counts":[1,1,1,1,1]},{"startIndex":65,"endIndex":55,"startConnectorIndex":3,"endConnectorIndex":1,"nodes":[{"x":350,"y":1060},{"x":120,"y":1060},{"x":120,"y":1080},{"x":95,"y":1080}],"counts":[1,1,1,1]},{"startIndex":67,"endIndex":68,"startConnectorIndex":2,"endConnectorIndex":0,"nodes":[{"x":500,"y":-405},{"x":500,"y":-390},{"x":500,"y":-370}],"counts":[1,1,1]},{"startIndex":68,"endIndex":69,"startConnectorIndex":2,"endConnectorIndex":0,"nodes":[{"x":500,"y":-330},{"x":500,"y":-330},{"x":500,"y":-310}],"counts":[1,1,1]},{"startIndex":69,"endIndex":70,"startConnectorIndex":2,"endConnectorIndex":1,"nodes":[{"x":500,"y":-270},{"x":500,"y":-230},{"x":340,"y":-230},{"x":320,"y":-230}],"counts":[1,1,1,1]},{"startIndex":69,"endIndex":71,"startConnectorIndex":2,"endConnectorIndex":3,"nodes":[{"x":500,"y":-270},{"x":500,"y":-230},{"x":750,"y":-230},{"x":770,"y":-230}],"counts":[1,1,1,1]},{"startIndex":70,"endIndex":75,"startConnectorIndex":2,"endConnectorIndex":0,"nodes":[{"x":270,"y":-210},{"x":270,"y":-210},{"x":270,"y":-190}],"counts":[1,1,1]},{"startIndex":69,"endIndex":78,"startConnectorIndex":2,"endConnectorIndex":0,"nodes":[{"x":500,"y":-270},{"x":500,"y":-200},{"x":500,"y":-180}],"counts":[1,1,1]},{"startIndex":78,"endIndex":74,"startConnectorIndex":2,"endConnectorIndex":0,"nodes":[{"x":500,"y":-140},{"x":500,"y":-60},{"x":500,"y":-40}],"counts":[1,1,1]},{"startIndex":75,"endIndex":76,"startConnectorIndex":2,"endConnectorIndex":0,"nodes":[{"x":270,"y":-150},{"x":270,"y":-150},{"x":270,"y":-130}],"counts":[1,1,1]},{"startIndex":76,"endIndex":74,"startConnectorIndex":2,"endConnectorIndex":3,"nodes":[{"x":270,"y":-90},{"x":270,"y":-20},{"x":430,"y":-20},{"x":450,"y":-20}],"counts":[1,1,1,1]},{"startIndex":71,"endIndex":77,"startConnectorIndex":2,"endConnectorIndex":0,"nodes":[{"x":820,"y":-210},{"x":820,"y":-210},{"x":820,"y":-190}],"counts":[1,1,1]},{"startIndex":77,"endIndex":78,"startConnectorIndex":3,"endConnectorIndex":1,"nodes":[{"x":770,"y":-160},{"x":570,"y":-160},{"x":550,"y":-160}],"counts":[1,1,1]},{"startIndex":95,"endIndex":93,"startConnectorIndex":0,"endConnectorIndex":2,"nodes":[{"x":1940,"y":280},{"x":1940,"y":190},{"x":1935,"y":190}],"counts":[1,1,1]},{"startIndex":95,"endIndex":92,"startConnectorIndex":3,"endConnectorIndex":2,"nodes":[{"x":1920,"y":330},{"x":1810,"y":330},{"x":1810,"y":190},{"x":1805,"y":190}],"counts":[1,1,1,1]},{"startIndex":99,"endIndex":97,"startConnectorIndex":2,"endConnectorIndex":1,"nodes":[{"x":2150,"y":380},{"x":2150,"y":440},{"x":2130,"y":440},{"x":2110,"y":440}],"counts":[1,1,1,1]},{"startIndex":98,"endIndex":97,"startConnectorIndex":0,"endConnectorIndex":3,"nodes":[{"x":1940,"y":430},{"x":1940,"y":440},{"x":1980,"y":440},{"x":2000,"y":440}],"counts":[1,1,1,1]},{"startIndex":95,"endIndex":96,"startConnectorIndex":1,"endConnectorIndex":3,"nodes":[{"x":1960,"y":330},{"x":1970,"y":330},{"x":1970,"y":320},{"x":1980,"y":320}],"counts":[1,1,1,1]},{"startIndex":99,"endIndex":96,"startConnectorIndex":3,"endConnectorIndex":1,"nodes":[{"x":2130,"y":330},{"x":2110,"y":330},{"x":2110,"y":320},{"x":2100,"y":320}],"counts":[1,1,1,1]},{"startIndex":98,"endIndex":101,"startConnectorIndex":1,"endConnectorIndex":3,"nodes":[{"x":1960,"y":480},{"x":2180,"y":480},{"x":2200,"y":480}],"counts":[1,1,1]},{"startIndex":103,"endIndex":102,"startConnectorIndex":0,"endConnectorIndex":2,"nodes":[{"x":2220,"y":260},{"x":2220,"y":190},{"x":2215,"y":190}],"counts":[1,1,1]},{"startIndex":103,"endIndex":101,"startConnectorIndex":2,"endConnectorIndex":0,"nodes":[{"x":2220,"y":300},{"x":2220,"y":450},{"x":2220,"y":470}],"counts":[1,1,1]},{"startIndex":80,"endIndex":81,"startConnectorIndex":2,"endConnectorIndex":0,"nodes":[{"x":2760,"y":185},{"x":2760,"y":190},{"x":2760,"y":205}],"counts":[1,1,1]},{"startIndex":81,"endIndex":82,"startConnectorIndex":1,"endConnectorIndex":3,"nodes":[{"x":2810,"y":220},{"x":2850,"y":220},{"x":2870,"y":220}],"counts":[1,1,1]},{"startIndex":81,"endIndex":83,"startConnectorIndex":2,"endConnectorIndex":0,"nodes":[{"x":2760,"y":235},{"x":2760,"y":240},{"x":2760,"y":255}],"counts":[1,1,1]},{"startIndex":83,"endIndex":84,"startConnectorIndex":2,"endConnectorIndex":0,"nodes":[{"x":2760,"y":295},{"x":2760,"y":300},{"x":2760,"y":320}],"counts":[1,1,1]},{"startIndex":84,"endIndex":87,"startConnectorIndex":2,"endConnectorIndex":0,"nodes":[{"x":2760,"y":420},{"x":2760,"y":430},{"x":2580,"y":430},{"x":2580,"y":445}],"counts":[1,1,1,1]},{"startIndex":84,"endIndex":86,"startConnectorIndex":2,"endConnectorIndex":0,"nodes":[{"x":2760,"y":420},{"x":2760,"y":430},{"x":2890,"y":430},{"x":2890,"y":445}],"counts":[1,1,1,1]},{"startIndex":84,"endIndex":88,"startConnectorIndex":3,"endConnectorIndex":1,"nodes":[{"x":2710,"y":370},{"x":2670,"y":370},{"x":2650,"y":370}],"counts":[1,1,1]},{"startIndex":83,"endIndex":88,"startConnectorIndex":3,"endConnectorIndex":0,"nodes":[{"x":2690,"y":275},{"x":2690,"y":280},{"x":2580,"y":280},{"x":2580,"y":350},{"x":2575,"y":350}],"counts":[1,1,1,1,1]},{"startIndex":84,"endIndex":89,"startConnectorIndex":2,"endConnectorIndex":0,"nodes":[{"x":2760,"y":420},{"x":2760,"y":450},{"x":2760,"y":465}],"counts":[1,1,1]},{"startIndex":87,"endIndex":89,"startConnectorIndex":2,"endConnectorIndex":2,"nodes":[{"x":2580,"y":505},{"x":2580,"y":520},{"x":2760,"y":520},{"x":2760,"y":495}],"counts":[1,1,1,1]},{"startIndex":91,"endIndex":90,"startConnectorIndex":2,"endConnectorIndex":0,"nodes":[{"x":2760,"y":575},{"x":2760,"y":580},{"x":2760,"y":595}],"counts":[1,1,1]},{"startIndex":89,"endIndex":91,"startConnectorIndex":2,"endConnectorIndex":0,"nodes":[{"x":2760,"y":495},{"x":2760,"y":530},{"x":2760,"y":545}],"counts":[1,1,1]},{"startIndex":87,"endIndex":91,"startConnectorIndex":2,"endConnectorIndex":0,"nodes":[{"x":2580,"y":505},{"x":2580,"y":530},{"x":2760,"y":530},{"x":2760,"y":545}],"counts":[1,1,1,1]},{"startIndex":86,"endIndex":91,"startConnectorIndex":2,"endConnectorIndex":0,"nodes":[{"x":2890,"y":505},{"x":2890,"y":530},{"x":2760,"y":530},{"x":2760,"y":545}],"counts":[1,1,1,1]}],"x0":-1178.5,"y0":167.5}