{"blocks":[{"x":1090,"y":30,"text":"работает \nв","width":100,"height":140,"type":"Условие","isMenuBlock":false,"fontSize":14,"textHeight":14,"isBold":false,"isItalic":false,"textAlign":"center","labelsPosition":1},{"x":930,"y":30,"text":"сскотовод","width":100,"height":40,"type":"Блок","isMenuBlock":false,"fontSize":14,"textHeight":14,"isBold":false,"isItalic":false,"textAlign":"center","labelsPosition":1},{"x":1250,"y":30,"text":"фермер","width":100,"height":40,"type":"Блок","isMenuBlock":false,"fontSize":14,"textHeight":14,"isBold":false,"isItalic":false,"textAlign":"center","labelsPosition":1},{"x":1250,"y":120,"text":"работает\n для","width":100,"height":40,"type":"Условие","isMenuBlock":false,"fontSize":14,"textHeight":14,"isBold":false,"isItalic":false,"textAlign":"center","labelsPosition":1},{"x":930,"y":120,"text":"работает \nс","width":100,"height":40,"type":"Условие","isMenuBlock":false,"fontSize":14,"textHeight":14,"isBold":false,"isItalic":false,"textAlign":"center","labelsPosition":1},{"x":1090,"y":220,"text":"развитее","width":100,"height":40,"type":"Блок","isMenuBlock":false,"fontSize":14,"textHeight":14,"isBold":false,"isItalic":false,"textAlign":"center","labelsPosition":1},{"x":300,"y":550,"text":"корм","width":100,"height":40,"type":"Блок","isMenuBlock":false,"fontSize":14,"textHeight":14,"isBold":false,"isItalic":false,"textAlign":"center","labelsPosition":1},{"x":500,"y":310,"text":"мануалы по\n использованию\nтехнтки","width":100,"height":60,"type":"Блок","isMenuBlock":false,"fontSize":14,"textHeight":14,"isBold":false,"isItalic":false,"textAlign":"center","labelsPosition":1},{"x":650,"y":310,"text":"мануалы по\nуходу за \nживотными","width":100,"height":60,"type":"Блок","isMenuBlock":false,"fontSize":14,"textHeight":14,"isBold":false,"isItalic":false,"textAlign":"center","labelsPosition":1},{"x":810,"y":310,"text":"мануалы по \nвырашиванию \nкорма","width":100,"height":60,"type":"Блок","isMenuBlock":false,"fontSize":14,"textHeight":14,"isBold":false,"isItalic":false,"textAlign":"center","labelsPosition":1},{"x":500,"y":690,"text":"бухгалтер","width":100,"height":40,"type":"Блок","isMenuBlock":false,"fontSize":14,"textHeight":14,"isBold":false,"isItalic":false,"textAlign":"center","labelsPosition":1},{"x":650,"y":690,"text":"менеджер","width":100,"height":40,"type":"Блок","isMenuBlock":false,"fontSize":14,"textHeight":14,"isBold":false,"isItalic":false,"textAlign":"center","labelsPosition":1},{"x":300,"y":620,"text":"валюта","width":100,"height":40,"type":"Блок","isMenuBlock":false,"fontSize":14,"textHeight":14,"isBold":false,"isItalic":false,"textAlign":"center","labelsPosition":1},{"x":90,"y":410,"text":"свиньи","width":100,"height":40,"type":"Блок","isMenuBlock":false,"fontSize":14,"textHeight":14,"isBold":false,"isItalic":false,"textAlign":"center","labelsPosition":1},{"x":90,"y":490,"text":"коровы","width":100,"height":40,"type":"Блок","isMenuBlock":false,"fontSize":14,"textHeight":14,"isBold":false,"isItalic":false,"textAlign":"center","labelsPosition":1},{"x":-70,"y":290,"text":"немецкая ландрасе","width":140,"height":40,"type":"Блок","isMenuBlock":false,"fontSize":14,"textHeight":14,"isBold":false,"isItalic":false,"textAlign":"center","labelsPosition":1},{"x":-70,"y":360,"text":"бентхеймская\n чёрная пестрая","width":140,"height":40,"type":"Блок","isMenuBlock":false,"fontSize":14,"textHeight":14,"isBold":false,"isItalic":false,"textAlign":"center","labelsPosition":1},{"x":-50,"y":540,"text":"голштинская\n ","width":100,"height":40,"type":"Блок","isMenuBlock":false,"fontSize":14,"textHeight":14,"isBold":false,"isItalic":false,"textAlign":"center","labelsPosition":1},{"x":-50,"y":610,"text":"ангус","width":100,"height":40,"type":"Блок","isMenuBlock":false,"fontSize":14,"textHeight":14,"isBold":false,"isItalic":false,"textAlign":"center","labelsPosition":1},{"x":-50,"y":680,"text":"швицкая","width":100,"height":40,"type":"Блок","isMenuBlock":false,"fontSize":14,"textHeight":14,"isBold":false,"isItalic":false,"textAlign":"center","labelsPosition":1},{"x":130,"y":550,"text":"сечка","width":100,"height":40,"type":"Блок","isMenuBlock":false,"fontSize":14,"textHeight":14,"isBold":false,"isItalic":false,"textAlign":"center","labelsPosition":1},{"x":130,"y":600,"text":"трава","width":100,"height":40,"type":"Блок","isMenuBlock":false,"fontSize":14,"textHeight":14,"isBold":false,"isItalic":false,"textAlign":"center","labelsPosition":1},{"x":130,"y":650,"text":"солома","width":100,"height":40,"type":"Блок","isMenuBlock":false,"fontSize":14,"textHeight":14,"isBold":false,"isItalic":false,"textAlign":"center","labelsPosition":1},{"x":120,"y":240,"text":"разбрасыватель","width":120,"height":40,"type":"Блок","isMenuBlock":false,"fontSize":14,"textHeight":14,"isBold":false,"isItalic":false,"textAlign":"center","labelsPosition":1},{"x":310,"y":320,"text":"страна\nпроизводитель","width":100,"height":60,"type":"Блок","isMenuBlock":false,"fontSize":14,"textHeight":14,"isBold":false,"isItalic":false,"textAlign":"center","labelsPosition":1},{"x":300,"y":410,"text":"техника","width":100,"height":40,"type":"Блок","isMenuBlock":false,"fontSize":14,"textHeight":14,"isBold":false,"isItalic":false,"textAlign":"center","labelsPosition":1},{"x":130,"y":190,"text":"трактор","width":100,"height":40,"type":"Блок","isMenuBlock":false,"fontSize":14,"textHeight":14,"isBold":false,"isItalic":false,"textAlign":"center","labelsPosition":1},{"x":370,"y":170,"text":"Россия","width":100,"height":40,"type":"Блок","isMenuBlock":false,"fontSize":14,"textHeight":14,"isBold":false,"isItalic":false,"textAlign":"center","labelsPosition":1},{"x":370,"y":240,"text":"Китай","width":100,"height":40,"type":"Блок","isMenuBlock":false,"fontSize":14,"textHeight":14,"isBold":false,"isItalic":false,"textAlign":"center","labelsPosition":1},{"x":370,"y":100,"text":"Италия","width":100,"height":40,"type":"Блок","isMenuBlock":false,"fontSize":14,"textHeight":14,"isBold":false,"isItalic":false,"textAlign":"center","labelsPosition":1},{"x":300,"y":480,"text":"животные","width":100,"height":40,"type":"Блок","isMenuBlock":false,"fontSize":14,"textHeight":14,"isBold":false,"isItalic":false,"textAlign":"center","labelsPosition":1},{"x":650,"y":500,"text":"скотоводство","width":360,"height":180,"type":"Блок","isMenuBlock":false,"fontSize":14,"textHeight":14,"isBold":false,"isItalic":false,"textAlign":"center","labelsPosition":1},{"x":130,"y":290,"text":"автоуборщик","width":100,"height":40,"type":"Блок","isMenuBlock":false,"fontSize":14,"textHeight":14,"isBold":false,"isItalic":false,"textAlign":"center","labelsPosition":1},{"x":310,"y":-30,"text":"","width":100,"height":40,"type":"Блок","isMenuBlock":false,"fontSize":14,"textHeight":14,"isBold":false,"isItalic":false,"textAlign":"center","labelsPosition":1},{"x":-70,"y":440,"text":"беркширская","width":140,"height":40,"type":"Блок","isMenuBlock":false,"fontSize":14,"textHeight":14,"isBold":false,"isItalic":false,"textAlign":"center","labelsPosition":1},{"x":230,"y":710,"text":"рубль","width":100,"height":40,"type":"Блок","isMenuBlock":false,"fontSize":14,"textHeight":14,"isBold":false,"isItalic":false,"textAlign":"center","labelsPosition":1},{"x":230,"y":780,"text":"доллар","width":100,"height":40,"type":"Блок","isMenuBlock":false,"fontSize":14,"textHeight":14,"isBold":false,"isItalic":false,"textAlign":"center","labelsPosition":1},{"x":230,"y":850,"text":"юань","width":100,"height":40,"type":"Блок","isMenuBlock":false,"fontSize":14,"textHeight":14,"isBold":false,"isItalic":false,"textAlign":"center","labelsPosition":1},{"x":1060,"y":580,"text":"продажа \nживотных\nсвиней,коров","width":100,"height":60,"type":"Блок","isMenuBlock":false,"fontSize":14,"textHeight":14,"isBold":false,"isItalic":false,"textAlign":"center","labelsPosition":1},{"x":1060,"y":410,"text":"выращевоние \nновых\n животных\nСвиней,коров","width":100,"height":80,"type":"Блок","isMenuBlock":false,"fontSize":14,"textHeight":14,"isBold":false,"isItalic":false,"textAlign":"center","labelsPosition":1},{"x":1060,"y":500,"text":"малая ферма","width":100,"height":40,"type":"Блок","isMenuBlock":false,"fontSize":14,"textHeight":14,"isBold":false,"isItalic":false,"textAlign":"center","labelsPosition":1},{"x":820,"y":690,"text":"закупщик","width":100,"height":40,"type":"Блок","isMenuBlock":false,"fontSize":14,"textHeight":14,"isBold":false,"isItalic":false,"textAlign":"center","labelsPosition":1},{"x":230,"y":210,"text":"","width":100,"height":40,"type":"Блок","isMenuBlock":false,"fontSize":14,"textHeight":14,"isBold":false,"isItalic":false,"textAlign":"center","labelsPosition":1},{"x":1350,"y":680,"text":"проверка \nна вшивость","width":100,"height":40,"type":"Блок","isMenuBlock":false,"fontSize":14,"textHeight":14,"isBold":false,"isItalic":false,"textAlign":"center","labelsPosition":1},{"x":1430,"y":800,"text":"белый список","width":100,"height":40,"type":"Блок","isMenuBlock":false,"fontSize":14,"textHeight":14,"isBold":false,"isItalic":false,"textAlign":"center","labelsPosition":1},{"x":1240,"y":800,"text":"черный список","width":100,"height":40,"type":"Блок","isMenuBlock":false,"fontSize":14,"textHeight":14,"isBold":false,"isItalic":false,"textAlign":"center","labelsPosition":1},{"x":1600,"y":770,"text":"наличие \nсредств","width":100,"height":40,"type":"Блок","isMenuBlock":false,"fontSize":14,"textHeight":14,"isBold":false,"isItalic":false,"textAlign":"center","labelsPosition":1},{"x":1860,"y":770,"text":"наличие\nкорма","width":100,"height":40,"type":"Блок","isMenuBlock":false,"fontSize":14,"textHeight":14,"isBold":false,"isItalic":false,"textAlign":"center","labelsPosition":1},{"x":1400,"y":580,"text":"клиент","width":100,"height":40,"type":"Блок","isMenuBlock":false,"fontSize":14,"textHeight":14,"isBold":false,"isItalic":false,"textAlign":"center","labelsPosition":1},{"x":1730,"y":770,"text":"наличие \nпространства","width":100,"height":40,"type":"Блок","isMenuBlock":false,"fontSize":14,"textHeight":14,"isBold":false,"isItalic":false,"textAlign":"center","labelsPosition":1},{"x":1530,"y":680,"text":"проверка \nна способность\n ухаживать","width":100,"height":60,"type":"Блок","isMenuBlock":false,"fontSize":14,"textHeight":14,"isBold":false,"isItalic":false,"textAlign":"center","labelsPosition":1},{"x":1180,"y":680,"text":"покупка \nовощей","width":100,"height":40,"type":"Блок","isMenuBlock":false,"fontSize":14,"textHeight":14,"isBold":false,"isItalic":false,"textAlign":"center","labelsPosition":1},{"x":1050,"y":730,"text":"проверка \nна испорчиность","width":120,"height":40,"type":"Блок","isMenuBlock":false,"fontSize":14,"textHeight":14,"isBold":false,"isItalic":false,"textAlign":"center","labelsPosition":1},{"x":1250,"y":580,"text":"покупка","width":100,"height":40,"type":"Блок","isMenuBlock":false,"fontSize":14,"textHeight":14,"isBold":false,"isItalic":false,"textAlign":"center","labelsPosition":1},{"x":920,"y":500,"text":"1","width":30,"height":30,"type":"Ссылка","isMenuBlock":false,"fontSize":14,"textHeight":14,"isBold":false,"isItalic":false,"textAlign":"center","labelsPosition":1},{"x":30,"y":1310,"text":"","width":40,"height":320,"type":"Блок","isMenuBlock":false,"fontSize":14,"textHeight":14,"isBold":false,"isItalic":false,"textAlign":"center","labelsPosition":1},{"x":110,"y":1210,"text":"","width":100,"height":40,"type":"Блок","isMenuBlock":false,"fontSize":14,"textHeight":14,"isBold":false,"isItalic":false,"textAlign":"center","labelsPosition":1},{"x":-60,"y":1210,"text":"","width":100,"height":40,"type":"Блок","isMenuBlock":false,"fontSize":14,"textHeight":14,"isBold":false,"isItalic":false,"textAlign":"center","labelsPosition":1},{"x":30,"y":1080,"text":"посетитель","width":130,"height":130,"type":"Ссылка","isMenuBlock":false,"fontSize":14,"textHeight":14,"isBold":false,"isItalic":false,"textAlign":"center","labelsPosition":1},{"x":1220,"y":1250,"text":"","width":40,"height":320,"type":"Блок","isMenuBlock":false,"fontSize":14,"textHeight":14,"isBold":false,"isItalic":false,"textAlign":"center","labelsPosition":1},{"x":1300,"y":1150,"text":"","width":100,"height":40,"type":"Блок","isMenuBlock":false,"fontSize":14,"textHeight":14,"isBold":false,"isItalic":false,"textAlign":"center","labelsPosition":1},{"x":1130,"y":1150,"text":"","width":100,"height":40,"type":"Блок","isMenuBlock":false,"fontSize":14,"textHeight":14,"isBold":false,"isItalic":false,"textAlign":"center","labelsPosition":1},{"x":1220,"y":1020,"text":"владелец","width":130,"height":130,"type":"Ссылка","isMenuBlock":false,"fontSize":14,"textHeight":14,"isBold":false,"isItalic":false,"textAlign":"center","labelsPosition":1},{"x":270,"y":1210,"text":"подать заявку\nна получение \nработы","width":100,"height":60,"type":"Блок","isMenuBlock":false,"fontSize":14,"textHeight":14,"isBold":false,"isItalic":false,"textAlign":"center","labelsPosition":1},{"x":260,"y":1120,"text":"подать заявку\nна покупку \nживотного и \nкорма","width":100,"height":60,"type":"Блок","isMenuBlock":false,"fontSize":14,"textHeight":14,"isBold":false,"isItalic":false,"textAlign":"center","labelsPosition":1},{"x":960,"y":1020,"text":"продать товар","width":100,"height":40,"type":"Блок","isMenuBlock":false,"fontSize":14,"textHeight":14,"isBold":false,"isItalic":false,"textAlign":"center","labelsPosition":1},{"x":960,"y":1120,"text":"устроить\n на работу","width":100,"height":60,"type":"Блок","isMenuBlock":false,"fontSize":14,"textHeight":14,"isBold":false,"isItalic":false,"textAlign":"center","labelsPosition":1},{"x":960,"y":1220,"text":"подписать \nконтракт\nо \nсотруднечестве ","width":100,"height":60,"type":"Блок","isMenuBlock":false,"fontSize":14,"textHeight":14,"isBold":false,"isItalic":false,"textAlign":"center","labelsPosition":1},{"x":400,"y":1060,"text":"рассказать \nанекдот","width":100,"height":40,"type":"Блок","isMenuBlock":false,"fontSize":14,"textHeight":14,"isBold":false,"isItalic":false,"textAlign":"center","labelsPosition":1},{"x":910,"y":1300,"text":"посмеяться \nс анектода","width":100,"height":40,"type":"Блок","isMenuBlock":false,"fontSize":14,"textHeight":14,"isBold":false,"isItalic":false,"textAlign":"center","labelsPosition":1}],"arrows":[{"startIndex":26,"endIndex":24,"startConnectorIndex":1,"endConnectorIndex":3,"nodes":[{"x":180,"y":190},{"x":240,"y":190},{"x":240,"y":320},{"x":260,"y":320}],"counts":[1,1,1,1]},{"startIndex":23,"endIndex":24,"startConnectorIndex":1,"endConnectorIndex":3,"nodes":[{"x":180,"y":240},{"x":240,"y":240},{"x":240,"y":320},{"x":260,"y":320}],"counts":[1,1,1,1]},{"startIndex":32,"endIndex":24,"startConnectorIndex":1,"endConnectorIndex":3,"nodes":[{"x":180,"y":290},{"x":240,"y":290},{"x":240,"y":320},{"x":260,"y":320}],"counts":[1,1,1,1]},{"startIndex":25,"endIndex":31,"startConnectorIndex":1,"endConnectorIndex":3,"nodes":[{"x":350,"y":410},{"x":450,"y":410},{"x":450,"y":500},{"x":470,"y":500}],"counts":[1,1,1,1]},{"startIndex":24,"endIndex":25,"startConnectorIndex":1,"endConnectorIndex":0,"nodes":[{"x":360,"y":320},{"x":380,"y":320},{"x":380,"y":370},{"x":300,"y":370},{"x":300,"y":390}],"counts":[1,1,1,1,1]},{"startIndex":24,"endIndex":29,"startConnectorIndex":0,"endConnectorIndex":2,"nodes":[{"x":310,"y":290},{"x":310,"y":140},{"x":370,"y":140},{"x":370,"y":120}],"counts":[1,1,1,1]},{"startIndex":24,"endIndex":28,"startConnectorIndex":0,"endConnectorIndex":2,"nodes":[{"x":310,"y":290},{"x":310,"y":280},{"x":370,"y":280},{"x":370,"y":260}],"counts":[1,1,1,1]},{"startIndex":24,"endIndex":27,"startConnectorIndex":0,"endConnectorIndex":2,"nodes":[{"x":310,"y":290},{"x":310,"y":210},{"x":370,"y":210},{"x":370,"y":190}],"counts":[1,1,1,1]},{"startIndex":37,"endIndex":12,"startConnectorIndex":1,"endConnectorIndex":2,"nodes":[{"x":280,"y":850},{"x":300,"y":850},{"x":300,"y":660},{"x":300,"y":640}],"counts":[1,1,1,1]},{"startIndex":36,"endIndex":12,"startConnectorIndex":1,"endConnectorIndex":2,"nodes":[{"x":280,"y":780},{"x":300,"y":780},{"x":300,"y":660},{"x":300,"y":640}],"counts":[1,1,1,1]},{"startIndex":35,"endIndex":12,"startConnectorIndex":1,"endConnectorIndex":2,"nodes":[{"x":280,"y":710},{"x":300,"y":710},{"x":300,"y":660},{"x":300,"y":640}],"counts":[1,1,1,1]},{"startIndex":22,"endIndex":6,"startConnectorIndex":1,"endConnectorIndex":3,"nodes":[{"x":180,"y":650},{"x":230,"y":650},{"x":230,"y":550},{"x":250,"y":550}],"counts":[1,1,1,1]},{"startIndex":21,"endIndex":6,"startConnectorIndex":1,"endConnectorIndex":3,"nodes":[{"x":180,"y":600},{"x":230,"y":600},{"x":230,"y":550},{"x":250,"y":550}],"counts":[1,1,1,1]},{"startIndex":20,"endIndex":6,"startConnectorIndex":1,"endConnectorIndex":3,"nodes":[{"x":180,"y":550},{"x":230,"y":550},{"x":250,"y":550}],"counts":[1,1,1]},{"startIndex":17,"endIndex":14,"startConnectorIndex":1,"endConnectorIndex":3,"nodes":[{"x":0,"y":540},{"x":20,"y":540},{"x":20,"y":490},{"x":40,"y":490}],"counts":[1,1,1,1]},{"startIndex":18,"endIndex":14,"startConnectorIndex":1,"endConnectorIndex":3,"nodes":[{"x":0,"y":610},{"x":20,"y":610},{"x":20,"y":490},{"x":40,"y":490}],"counts":[1,1,1,1]},{"startIndex":19,"endIndex":14,"startConnectorIndex":1,"endConnectorIndex":3,"nodes":[{"x":0,"y":680},{"x":20,"y":680},{"x":20,"y":490},{"x":40,"y":490}],"counts":[1,1,1,1]},{"startIndex":15,"endIndex":13,"startConnectorIndex":1,"endConnectorIndex":3,"nodes":[{"x":0,"y":290},{"x":20,"y":290},{"x":20,"y":410},{"x":40,"y":410}],"counts":[1,1,1,1]},{"startIndex":16,"endIndex":13,"startConnectorIndex":1,"endConnectorIndex":3,"nodes":[{"x":0,"y":360},{"x":20,"y":360},{"x":20,"y":410},{"x":40,"y":410}],"counts":[1,1,1,1]},{"startIndex":34,"endIndex":13,"startConnectorIndex":1,"endConnectorIndex":3,"nodes":[{"x":0,"y":440},{"x":20,"y":440},{"x":20,"y":410},{"x":40,"y":410}],"counts":[1,1,1,1]},{"startIndex":8,"endIndex":31,"startConnectorIndex":2,"endConnectorIndex":0,"nodes":[{"x":650,"y":340},{"x":650,"y":390},{"x":650,"y":410}],"counts":[1,1,1]},{"startIndex":7,"endIndex":31,"startConnectorIndex":2,"endConnectorIndex":0,"nodes":[{"x":500,"y":340},{"x":500,"y":390},{"x":650,"y":390},{"x":650,"y":410}],"counts":[1,1,1,1]},{"startIndex":9,"endIndex":31,"startConnectorIndex":2,"endConnectorIndex":0,"nodes":[{"x":810,"y":340},{"x":810,"y":390},{"x":650,"y":390},{"x":650,"y":410}],"counts":[1,1,1,1]},{"startIndex":30,"endIndex":31,"startConnectorIndex":1,"endConnectorIndex":3,"nodes":[{"x":350,"y":480},{"x":450,"y":480},{"x":450,"y":500},{"x":470,"y":500}],"counts":[1,1,1,1]},{"startIndex":6,"endIndex":31,"startConnectorIndex":1,"endConnectorIndex":3,"nodes":[{"x":350,"y":550},{"x":450,"y":550},{"x":450,"y":500},{"x":470,"y":500}],"counts":[1,1,1,1]},{"startIndex":10,"endIndex":31,"startConnectorIndex":0,"endConnectorIndex":2,"nodes":[{"x":500,"y":670},{"x":500,"y":610},{"x":650,"y":610},{"x":650,"y":590}],"counts":[1,1,1,1]},{"startIndex":11,"endIndex":31,"startConnectorIndex":0,"endConnectorIndex":2,"nodes":[{"x":650,"y":670},{"x":650,"y":610},{"x":650,"y":590}],"counts":[1,1,1]},{"startIndex":41,"endIndex":31,"startConnectorIndex":0,"endConnectorIndex":2,"nodes":[{"x":820,"y":670},{"x":820,"y":610},{"x":650,"y":610},{"x":650,"y":590}],"counts":[1,1,1,1]},{"startIndex":12,"endIndex":31,"startConnectorIndex":1,"endConnectorIndex":3,"nodes":[{"x":350,"y":620},{"x":450,"y":620},{"x":450,"y":500},{"x":470,"y":500}],"counts":[1,1,1,1]},{"startIndex":14,"endIndex":30,"startConnectorIndex":1,"endConnectorIndex":3,"nodes":[{"x":140,"y":490},{"x":230,"y":490},{"x":230,"y":480},{"x":250,"y":480}],"counts":[1,1,1,1]},{"startIndex":13,"endIndex":30,"startConnectorIndex":1,"endConnectorIndex":3,"nodes":[{"x":140,"y":410},{"x":230,"y":410},{"x":230,"y":480},{"x":250,"y":480}],"counts":[1,1,1,1]},{"startIndex":0,"endIndex":2,"startConnectorIndex":1,"endConnectorIndex":3,"nodes":[{"x":1140,"y":30},{"x":1180,"y":30},{"x":1200,"y":30}],"counts":[1,1,1]},{"startIndex":0,"endIndex":1,"startConnectorIndex":3,"endConnectorIndex":1,"nodes":[{"x":1040,"y":30},{"x":1000,"y":30},{"x":980,"y":30}],"counts":[1,1,1]},{"startIndex":2,"endIndex":3,"startConnectorIndex":2,"endConnectorIndex":0,"nodes":[{"x":1250,"y":50},{"x":1250,"y":80},{"x":1250,"y":100}],"counts":[1,1,1]},{"startIndex":1,"endIndex":4,"startConnectorIndex":2,"endConnectorIndex":0,"nodes":[{"x":930,"y":50},{"x":930,"y":80},{"x":930,"y":100}],"counts":[1,1,1]},{"startIndex":4,"endIndex":5,"startConnectorIndex":2,"endConnectorIndex":3,"nodes":[{"x":930,"y":140},{"x":930,"y":220},{"x":1020,"y":220},{"x":1040,"y":220}],"counts":[1,1,1,1]},{"startIndex":3,"endIndex":5,"startConnectorIndex":2,"endConnectorIndex":1,"nodes":[{"x":1250,"y":140},{"x":1250,"y":220},{"x":1160,"y":220},{"x":1140,"y":220}],"counts":[1,1,1,1]},{"startIndex":31,"endIndex":39,"startConnectorIndex":1,"endConnectorIndex":3,"nodes":[{"x":830,"y":500},{"x":960,"y":500},{"x":960,"y":410},{"x":990,"y":410},{"x":1010,"y":410}],"counts":[1,1,1,1,1]},{"startIndex":31,"endIndex":38,"startConnectorIndex":1,"endConnectorIndex":3,"nodes":[{"x":830,"y":500},{"x":990,"y":500},{"x":990,"y":580},{"x":1010,"y":580}],"counts":[1,1,1,1]},{"startIndex":31,"endIndex":40,"startConnectorIndex":1,"endConnectorIndex":3,"nodes":[{"x":830,"y":500},{"x":990,"y":500},{"x":1010,"y":500}],"counts":[1,1,1]},{"startIndex":44,"endIndex":43,"startConnectorIndex":0,"endConnectorIndex":2,"nodes":[{"x":1430,"y":780},{"x":1430,"y":720},{"x":1350,"y":720},{"x":1350,"y":700}],"counts":[1,1,1,1]},{"startIndex":45,"endIndex":43,"startConnectorIndex":0,"endConnectorIndex":2,"nodes":[{"x":1240,"y":780},{"x":1240,"y":720},{"x":1350,"y":720},{"x":1350,"y":700}],"counts":[1,1,1,1]},{"startIndex":50,"endIndex":43,"startConnectorIndex":3,"endConnectorIndex":1,"nodes":[{"x":1480,"y":680},{"x":1420,"y":680},{"x":1400,"y":680}],"counts":[1,1,1]},{"startIndex":46,"endIndex":50,"startConnectorIndex":0,"endConnectorIndex":2,"nodes":[{"x":1600,"y":750},{"x":1600,"y":730},{"x":1530,"y":730},{"x":1530,"y":710}],"counts":[1,1,1,1]},{"startIndex":49,"endIndex":50,"startConnectorIndex":0,"endConnectorIndex":2,"nodes":[{"x":1730,"y":750},{"x":1730,"y":730},{"x":1530,"y":730},{"x":1530,"y":710}],"counts":[1,1,1,1]},{"startIndex":47,"endIndex":50,"startConnectorIndex":0,"endConnectorIndex":2,"nodes":[{"x":1860,"y":750},{"x":1860,"y":730},{"x":1530,"y":730},{"x":1530,"y":710}],"counts":[1,1,1,1]},{"startIndex":43,"endIndex":53,"startConnectorIndex":0,"endConnectorIndex":2,"nodes":[{"x":1350,"y":660},{"x":1350,"y":620},{"x":1250,"y":620},{"x":1250,"y":600}],"counts":[1,1,1,1]},{"startIndex":38,"endIndex":53,"startConnectorIndex":1,"endConnectorIndex":3,"nodes":[{"x":1110,"y":580},{"x":1180,"y":580},{"x":1200,"y":580}],"counts":[1,1,1]},{"startIndex":40,"endIndex":53,"startConnectorIndex":1,"endConnectorIndex":0,"nodes":[{"x":1110,"y":500},{"x":1250,"y":500},{"x":1250,"y":540},{"x":1250,"y":560}],"counts":[1,1,1,1]},{"startIndex":53,"endIndex":48,"startConnectorIndex":1,"endConnectorIndex":3,"nodes":[{"x":1300,"y":580},{"x":1330,"y":580},{"x":1350,"y":580}],"counts":[1,1,1]},{"startIndex":51,"endIndex":53,"startConnectorIndex":0,"endConnectorIndex":2,"nodes":[{"x":1180,"y":660},{"x":1180,"y":620},{"x":1250,"y":620},{"x":1250,"y":600}],"counts":[1,1,1,1]},{"startIndex":52,"endIndex":51,"startConnectorIndex":1,"endConnectorIndex":3,"nodes":[{"x":1110,"y":730},{"x":1120,"y":730},{"x":1120,"y":680},{"x":1130,"y":680}],"counts":[1,1,1,1]},{"startIndex":63,"endIndex":58,"startConnectorIndex":3,"endConnectorIndex":1,"nodes":[{"x":220,"y":1210},{"x":120,"y":1210},{"x":120,"y":1080},{"x":95,"y":1080}],"counts":[1,1,1,1]},{"startIndex":64,"endIndex":58,"startConnectorIndex":3,"endConnectorIndex":1,"nodes":[{"x":210,"y":1120},{"x":120,"y":1120},{"x":120,"y":1080},{"x":95,"y":1080}],"counts":[1,1,1,1]},{"startIndex":65,"endIndex":62,"startConnectorIndex":1,"endConnectorIndex":3,"nodes":[{"x":1010,"y":1020},{"x":1140,"y":1020},{"x":1155,"y":1020}],"counts":[1,1,1]},{"startIndex":66,"endIndex":62,"startConnectorIndex":1,"endConnectorIndex":3,"nodes":[{"x":1010,"y":1120},{"x":1130,"y":1120},{"x":1130,"y":1020},{"x":1140,"y":1020},{"x":1155,"y":1020}],"counts":[1,1,1,1,1]},{"startIndex":67,"endIndex":62,"startConnectorIndex":1,"endConnectorIndex":3,"nodes":[{"x":1010,"y":1220},{"x":1070,"y":1220},{"x":1070,"y":1020},{"x":1140,"y":1020},{"x":1155,"y":1020}],"counts":[1,1,1,1,1]},{"startIndex":69,"endIndex":62,"startConnectorIndex":1,"endConnectorIndex":3,"nodes":[{"x":960,"y":1300},{"x":1070,"y":1300},{"x":1070,"y":1020},{"x":1140,"y":1020},{"x":1155,"y":1020}],"counts":[1,1,1,1,1]},{"startIndex":68,"endIndex":58,"startConnectorIndex":3,"endConnectorIndex":1,"nodes":[{"x":350,"y":1060},{"x":120,"y":1060},{"x":120,"y":1080},{"x":95,"y":1080}],"counts":[1,1,1,1]}],"x0":440,"y0":-779}